id,nome,email,data_nasc,cidade_nasc,cidade_resi
0,Yuki Ahrenstorff,yuki_ahrenstorff6@mail.com,1994-8-8,Palmer,Palmer
1,Sima Arkell,sima_arkell8@mail.com,1977-10-20,Jacksonville,Jacksonville
2,Tobie Acock,tobie_acock9@mail.com,1994-10-17,North Grosvenordale,North Grosvenordale
3,Susann Beed,susann_beed9@mail.com,1970-2-2,Red Bluff,Red Bluff
4,Israel Alberty,israel_alberty1@mail.com,1996-7-11,West Salem,West Salem
5,Rosette Aslett,rosette_aslett8@mail.com,1998-5-11,Atmore,Tuskegee
6,Orpha Ancrum,orpha_ancrum9@mail.com,1982-6-3,Bridgeville,Logan
7,Nikki Barkes,nikki_barkes8@mail.com,1984-7-29,St Charles,St Charles
8,Luna Apostol,luna_apostol5@mail.com,1995-1-15,Russell,Russell
9,Aleen Bamber,aleen_bamber1@mail.com,1988-7-2,Partridge,Harwood Heights
10,Karina Addeo,karina_addeo6@mail.com,1972-6-20,Oglesby,Oglesby
11,Shelia Belich,shelia_belich0@mail.com,1980-6-16,Pinellas Park,Pinellas Park
12,Terence Andreula,terence_andreula1@mail.com,1979-3-11,Hawthorne,Hawthorne
13,Lanie Adham,lanie_adham0@mail.com,1996-8-7,East Machias,Winslow
14,Alice Bechler,alice_bechler0@mail.com,1981-8-26,Parks,Parks
15,Alyssa Battisto,alyssa_battisto5@mail.com,1971-1-21,Thorntown,East Hartland
16,Karoline Amo,karoline_amo4@mail.com,1981-4-28,Montezuma,Montezuma
17,Junie Arcieri,junie_arcieri3@mail.com,1985-2-21,Cottondale,Cottondale
18,Danette Banzhaf,danette_banzhaf0@mail.com,1974-4-15,Colebrook,Colebrook
19,Marlana Basile,marlana_basile6@mail.com,1985-7-30,Bucksport,Bucksport
20,Aaron Aliano,aaron_aliano7@mail.com,1997-1-14,Marion,Marion
21,Kirstin Anagnostou,kirstin_anagnostou3@mail.com,1983-2-14,Kodiak,Kodiak
22,Lady Asal,lady_asal9@mail.com,1984-12-15,Kingsland,Kingsland
23,Colby Auduong,colby_auduong2@mail.com,1973-10-26,Loganville,Loganville
24,Sook Abundis,sook_abundis8@mail.com,1975-4-9,Arenzville,Parker
25,Mindi Beaubrun,mindi_beaubrun6@mail.com,1984-5-1,Mcconnell Afb,Mcconnell Afb
26,Jewell Apolo,jewell_apolo8@mail.com,1977-3-26,Monon,Monon
27,Yulanda Beams,yulanda_beams2@mail.com,1980-8-13,Columbia,Seminole
28,Elaina Barfknecht,elaina_barfknecht4@mail.com,1998-12-23,Ulysses,Ulysses
29,Stasia Atmore,stasia_atmore8@mail.com,1993-4-5,Morristown,Morristown
30,Trudie Austgen,trudie_austgen5@mail.com,1993-3-27,Olive Hill,Olive Hill
31,Numbers Adolphson,numbers_adolphson0@mail.com,1997-3-26,Orinda,Orinda
32,Andrea Becklund,andrea_becklund8@mail.com,1987-10-12,Millersburg,Millersburg
33,Laurice Balerio,laurice_balerio7@mail.com,1977-7-13,Morenci,El Centro
34,Lisha Angermeier,lisha_angermeier5@mail.com,1982-3-25,Black Hawk,Black Hawk
35,Geri Angstadt,geri_angstadt7@mail.com,1984-5-6,Vilonia,Millport
36,Ron Aduddell,ron_aduddell2@mail.com,1985-9-15,Ontario,Ontario
37,Daniel Bamba,daniel_bamba5@mail.com,1970-1-20,North Palm Beach,North Palm Beach
38,Mae Ailey,mae_ailey6@mail.com,1985-5-14,Highland Park,Highland Park
39,Robbin Beadnell,robbin_beadnell6@mail.com,1970-1-11,Demorest,Demorest
40,Nyla Askey,nyla_askey6@mail.com,1971-7-16,Mandeville,Mandeville
41,Bev Arenivas,bev_arenivas3@mail.com,1995-8-17,Placida,Placida
42,Karey Balow,karey_balow4@mail.com,1999-2-28,Camp Verde,Sabula
43,Claire Allis,claire_allis1@mail.com,1971-8-10,Newburgh,Newburgh
44,Robert Banuelos,robert_banuelos0@mail.com,1979-1-23,Ridgway,Ridgway
45,Emery Amburn,emery_amburn0@mail.com,1970-1-8,Anaheim,Bliss
46,Wilburn Barron,wilburn_barron9@mail.com,1979-7-13,South Bend,South Bend
47,Bianca Angilletta,bianca_angilletta9@mail.com,1974-11-5,Hartly,Millry
48,Detra Batman,detra_batman3@mail.com,1985-6-7,Greensboro,Guilford
49,Kory Arel,kory_arel2@mail.com,1980-5-3,Black Hawk,Black Hawk
